Model,Accuracy Training,Recall Training,Precision Training,F1 Training,Accuracy Testing,Recall Testing,Precision Testing,F1 Testing,FU_rate,FL_rate,FU,FL,Total rows
RF,0.999983176494562,0.9999782258971316,0.999989098256556,0.9999836597202658,0.9991308732189949,0.9922916750488662,0.9883526375318384,0.9901140508909764,0.0004582390761011,0.000410887704904,3300,2959,7201481
ET,1.0,1.0,1.0,1.0,0.9973459625874178,0.9802290169359826,0.9722524887553776,0.9752767802263292,0.0013493057886287,0.0013047316239534,9717,9396,7201481
XGB,0.9999015597587206,0.9999120954411782,0.999935582634632,0.9999238296977002,0.9995842521836829,0.9942648174957168,0.9929808310377466,0.9935371832376382,0.0001402489293521,0.000275498886965,1010,1984,7201481
LIGHT,0.5298678604585708,0.3415914319728259,0.3803702498937607,0.3527754086928864,0.9136106864685196,0.6522665159982496,0.6712117682302448,0.647037476221012,0.0466963670389465,0.0396929464925339,336283,285848,7201481
Adaboost,0.7919839482539285,0.6451224300148932,0.6300985468216056,0.6252016340462867,0.8021916602987635,0.713008645739743,0.7029167396120518,0.6569764398759554,0.1145256093850695,0.0832827303161669,824754,599759,7201481
DT,1.0,1.0,1.0,1.0,0.9996614585249896,0.9958456042356708,0.9956846809551928,0.9957645828045366,0.000165938089679,0.0001726033853314,1195,1243,7201481
