Model,Accuracy Training,Recall Training,Precision Training,F1 Training,Accuracy Testing,Recall Testing,Precision Testing,F1 Testing,FU_rate,FL_rate,FU,FL,Total rows
DT,1.0,1.0,1.0,1.0,0.9887832385931651,0.8704025706158793,0.8721411578049969,0.8712697148739003,0.005554998366176951,0.0056617630406579295,1717,1750,309091
RF,1.0,1.0,1.0,1.0,0.992219119935553,0.8323827005807838,0.9862750401694469,0.8942375245748317,0.0003008822644463928,0.007479997800000647,93,2312,309091
XGB,0.9971423952065481,0.9395621269271186,0.9937754707152586,0.9650218852059076,0.9934647078044977,0.8794498771575563,0.9648353630060255,0.9176228144993797,0.0011776467124568492,0.005357645483045446,364,1656,309091
