Feature,Average Importance
IAT,0.6873344849478765
flow_duration,0.032741096483176406
Header_Length,0.03269070337539984
Tot sum,0.024039051617939053
Rate,0.020152842460539635
Protocol Type,0.016698003314882
syn_count,0.016125749956558647
Weight,0.014964358045741448
Variance,0.014691891478756915
Max,0.01234291082096386
Number,0.011640247677454356
UDP,0.010282070017556938
