Model,Accuracy Training,Recall Training,Precision Training,F1 Training,Accuracy Testing,Recall Testing,Precision Testing,F1 Testing,FU_rate,FL_rate,FU,FL,Total rows
DT,1.0,1.0,1.0,1.0,0.9998961324760838,0.9998108751094612,0.9998544088392332,0.99983264025096,4.096379619692116e-05,6.290372771933995e-05,295,453,7201481
RF,0.999999962109222,0.9999999015040528,0.9999999765426668,0.9999999390233548,0.9998600287913,0.999711640012615,0.9998372857998088,0.999774448549776,3.8325450001187256e-05,0.0001016457586988,276,732,7201481
ET,1.0,1.0,1.0,1.0,0.9983495061640794,0.9965307172558926,0.9981468309189976,0.9973363888922068,0.0004171364195781,0.0012333574163425,3004,8882,7201481
XGB,1.0,1.0,1.0,1.0,0.9999079356038016,0.9998258962292286,0.9998774230362628,0.9998516572185456,3.3048757609719445e-05,5.9015638588784726e-05,238,425,7201481
Cat,0.999880189359921,0.9997067151593184,0.9999076645880132,0.9998071531055714,0.9997843499135802,0.9995135018959684,0.9997915299594156,0.9996524456238024,3.777000869682223e-05,0.0001778800777229,272,1281,7201481
LIGHT,0.9999494158113518,0.9998752613856672,0.9999619305485848,0.999918589128525,0.999783794472276,0.9995346549926764,0.9997685761746083,0.9996515658139608,4.915655543630539e-05,0.0001670489722877,354,1203,7201481
Adaboost,0.9999284243203322,0.9998399795544436,0.9999296446770274,0.9998848047955926,0.9998672495282568,0.9996959897042386,0.9998762142934484,0.9997860724637492,2.0967909239779985e-05,0.0001117825625034,151,805,7201481
GBoost,0.9999683612003586,0.9999331387997454,0.9999650288142645,0.9999490828811493,0.9999039086543449,0.9998027341429292,0.9998876058690535,0.9998451634562735,2.666118260952157e-05,6.943016304562909e-05,192,500,7201481
