Model,Accuracy Training,Recall Training,Precision Training,F1 Training,Accuracy Testing,Recall Testing,Precision Testing,F1 Testing,FU_rate,FL_rate,FU,FL,Total rows
XGB,0.9999990838002136,0.99999935094901,0.9999984429036112,0.9999988969248876,0.9999952048258632,0.999993438567895,0.9999950202276224,0.9999942293934334,3.1967827578325174e-06,1.5983913789162587e-06,2,1,625629
DT,1.0,1.0,1.0,1.0,0.9997266750742052,0.9996876834739252,0.9996544940798582,0.9996710868703722,0.0001198793534187,0.0001534455723759,75,96,625629
RF,1.0,1.0,1.0,1.0,0.9999936064344844,0.9999938875394117,0.9999907242840302,0.9999923058944198,1.5983913789162587e-06,4.795174136748776e-06,1,3,625629
ET,1.0,1.0,1.0,1.0,0.9999936064344844,0.9999938875394117,0.9999907242840302,0.9999923058944198,1.5983913789162587e-06,4.795174136748776e-06,1,3,625629
Cat,0.9999848827035224,0.9999874745581676,0.9999761247878748,0.9999817994507024,0.9999904096517264,0.999990040474452,0.9999868772434094,0.9999884588416296,3.1967827578325174e-06,6.393565515665035e-06,2,4,625629
LIGHT,1.0,1.0,1.0,1.0,0.999979220912074,0.9999805299204206,0.9999694592126682,0.9999749943546132,4.795174136748776e-06,1.5983913789162586e-05,3,10,625629
GBoost,0.9999995419001068,0.999999675474505,0.9999992214505932,0.9999994484621934,0.9999984016086212,0.9999988673021856,0.9999972856475904,0.9999980764705624,0.0,1.5983913789162587e-06,0,1,625629
Adaboost,1.0,1.0,1.0,1.0,0.9999984016086212,0.9999988673021856,0.9999972856475904,0.9999980764705624,0.0,1.5983913789162587e-06,0,1,625629
MLP,0.999986257003202,0.9999898102100246,0.9999770984849856,0.9999834540686292,0.9999776225206952,0.9999841422305992,0.9999620017479196,0.999973071141562,0.0,2.237747930482762e-05,0,14,625629
