Model,Accuracy Training,Recall Training,Precision Training,F1 Training,Accuracy Testing,Recall Testing,Precision Testing,F1 Testing,FU_rate,FL_rate,FU,FL,Total rows
DT,1.0,1.0,1.0,1.0,0.9997266750742052,0.9996876834739252,0.9996544940798582,0.9996710868703722,0.0001198793534187,0.0001534455723759,75,96,625629
RF,1.0,1.0,1.0,1.0,0.9999936064344844,0.9999938875394117,0.9999907242840302,0.9999923058944198,1.5983913789162587e-06,4.795174136748776e-06,1,3,625629
XGB,0.9999990838002136,0.99999935094901,0.9999984429036112,0.9999988969248876,0.9999952048258632,0.999993438567895,0.9999950202276224,0.9999942293934334,3.1967827578325174e-06,1.5983913789162587e-06,2,1,625629
