Model,Accuracy Training,Recall Training,Precision Training,F1 Training,Accuracy Testing,Recall Testing,Precision Testing,F1 Testing,FU_rate,FL_rate,FU,FL,Total rows
DT,0.9999989916732376,0.9999982887641968,0.9999970595932242,0.9999976741613488,0.9808057987185412,0.9011057124877992,0.8954129324308595,0.8981633463588962,0.0097312513707862,0.0094629499106726,4570,4444,469621
RF,0.9999984875098564,0.999978210861936,0.9999955894287428,0.999986899507047,0.9848856844136016,0.8919115014112889,0.9654714899363454,0.91761605546048,0.0087517381037049,0.0063625774826934,4110,2988,469621
ET,0.9999994958366188,0.9999991443820984,0.999998529783643,0.9999988370785302,0.98022022013496,0.8602623211704508,0.9534648460168615,0.8865461773723985,0.0123141852685463,0.0074655945964937,5783,3506,469621
XGB,0.9950239074275364,0.9761526014718508,0.9888643626934772,0.9822581821883551,0.9857246588206234,0.9076889482342764,0.95891552361959,0.92804677025453,0.008021361906729,0.0062539792726475,3767,2937,469621
Cat,0.9922631087520748,0.9505029119747392,0.982323892818247,0.9646749011372604,0.9852945247337748,0.9042580842992884,0.9571009374999748,0.9250005608681364,0.0082321701968182,0.006473305069407,3866,3040,469621
LIGHT,0.9699468208465508,0.9519565476204632,0.8706411656993903,0.8948222873042063,0.9855010742705288,0.9081797021032512,0.9406136499973744,0.9220972630753668,0.0077381548099424,0.0067607709195287,3634,3175,469621
GBoost,0.9835365447868498,0.9040201664354908,0.9614784269242488,0.9267971839595641,0.9824262543625605,0.8907269325808139,0.9570315906215997,0.9154549433261594,0.011062111788016294,0.0065116338494232585,5195,3058,469621
Adaboost,0.8024697955718322,0.731473462132786,0.7304593239194933,0.6982691952716947,0.7299077341089942,0.6668058045840713,0.8667466319581162,0.6565221892671452,0.03228986778700271,0.23780239810400303,15164,111677,469621
MLP,0.9150101538504974,0.7581962543755889,0.8517821955464658,0.7813455859359695,0.9423492561022612,0.7747162663307484,0.8517735484773881,0.7924745458186669,0.03386347714433554,0.023787266753403275,15903,11171,469621
