Feature,Average Importance
IAT,0.2711998305263483
UDP,0.2536675649699202
Max,0.11062069869437853
Protocol Type,0.07025226874396669
Header_Length,0.040524142503069155
Tot size,0.03286384847236992
Magnitue,0.030515778697594618
Tot sum,0.027355589712415796
AVG,0.02648551001714898
flow_duration,0.02101540263095659
Min,0.016108469358064988
Weight,0.01486890559328773
Variance,0.011036203894914911
