Model,Accuracy Training,Recall Training,Precision Training,F1 Training,Accuracy Testing,Recall Testing,Precision Testing,F1 Testing,FU_rate,FL_rate,FU,FL,Total rows
DT,1.0,1.0,1.0,1.0,0.999800645184675,0.9998000637706044,0.9997978491985485,0.9997989561029423,0.00011553517706332233,8.381963826162601e-05,51,37,441424
RF,1.0,1.0,1.0,1.0,0.9997983797890464,0.9997955767704337,0.9997933992987097,0.9997944878450636,0.00011100438580593715,9.06158251477038e-05,49,40,441424
XGB,1.0,1.0,1.0,1.0,0.9998935264054515,0.9998952299806803,0.999888174437372,0.9998917011401174,6.796186886077785e-05,3.851172568777411e-05,30,17,441424
