Model,Accuracy Training,Recall Training,Precision Training,F1 Training,Accuracy Testing,Recall Testing,Precision Testing,F1 Testing,FU_rate,FL_rate,FU,FL,Total rows
XGB,1.0,1.0,1.0,1.0,0.9998935264054516,0.9998952299806804,0.999888174437372,0.9998917011401174,6.796186886077785e-05,3.851172568777411e-05,30,17,441424
DT,1.0,1.0,1.0,1.0,0.999800645184675,0.9998000637706044,0.9997978491985484,0.9997989561029424,0.0001155351770633,8.381963826162601e-05,51,37,441424
RF,1.0,1.0,1.0,1.0,0.9997983797890464,0.9997955767704336,0.9997933992987096,0.9997944878450636,0.0001110043858059,9.06158251477038e-05,49,40,441424
ET,1.0,1.0,1.0,1.0,0.9964682482148682,0.9965603793906902,0.9962450687446852,0.9964006209633004,0.0023628076407263,0.0011689441444053,1043,516,441424
Cat,1.0,1.0,1.0,1.0,0.9998482184928776,0.9998488937803944,0.9998401139384432,0.9998445021374156,9.74120120337816e-05,5.4369495088622274e-05,43,24,441424
LIGHT,1.0,1.0,1.0,1.0,0.9998912610098228,0.9998934479482182,0.999884667053136,0.9998890557785812,7.475805574685564e-05,3.3980934430388924e-05,33,15,441424
GBoost,0.9999922113881188,0.9999923715517453,0.9999916372697116,0.9999920043998712,0.9998912610098228,0.9998928096033324,0.99988568019408,0.9998892433871384,7.702345137554822e-05,3.171553880169633e-05,34,14,441424
Adaboost,0.9956046266950778,0.9957826283953204,0.9952150330950226,0.995491904989409,0.9961873391569104,0.9961601567722358,0.9960138998873008,0.996086581415586,0.0021770451991735,0.001635615643916,961,722,441424
MLP,0.9802558688813152,0.9793699241901294,0.9801493835466428,0.9797470464616236,0.9770719308420024,0.9755378481054134,0.9774528744852864,0.9764238899630046,0.0079764580086266,0.0149516111493711,3521,6600,441424
