Model,Accuracy Training,Recall Training,Precision Training,F1 Training,Accuracy Testing,Recall Testing,Precision Testing,F1 Testing,FU_rate,FL_rate,FU,FL,Total rows
DT,0.9951827041667676,0.9951717934391514,0.9963217553091986,0.9957444415026928,0.8507229227023572,0.8088579596379066,0.7948347732143672,0.8013743812403741,0.0763319323730634,0.0729451449245793,5612,5363,73521
RF,0.9928175860317768,0.9935193443949945,0.9943479651396568,0.9939316391421628,0.880945580174372,0.7456392184968845,0.8954551733610059,0.7682956264308084,0.0457012282205084,0.0733531916051196,3360,5393,73521
ET,0.9977896544219004,0.9974051828387088,0.9982816761316088,0.9978423362770008,0.84564954230764,0.7181911067053577,0.8591719547501503,0.7412648931007229,0.0523931937813685,0.1019572639109914,3852,7496,73521
XGB,0.9348310802640808,0.9398917530914106,0.9518273563452558,0.945678608182742,0.8948599719807946,0.8388107296860646,0.9072383515424156,0.8652062620979919,0.0478774771833897,0.0572625508358156,3520,4210,73521
Cat,0.918952383255544,0.8709294725312734,0.9380695045538978,0.8977363229770143,0.8919900436609948,0.8286258575350051,0.906974362557592,0.8573577310642113,0.0481223051917139,0.0598876511472912,3538,4403,73521
LIGHT,0.9204565790428284,0.9389308449359766,0.9410606559934824,0.939946546551241,0.8925749105697692,0.8247520850042825,0.8852332371372398,0.8481244796775653,0.0488295861046503,0.0585955033255804,3590,4308,73521
GBoost,0.8705521027302846,0.8383574946201291,0.8996613284261519,0.8634298461017433,0.8638484242597353,0.8140077818304061,0.8752763242521808,0.8383252169986666,0.0587723235538145,0.0773792521864501,4321,5689,73521
Adaboost,0.6917607796667553,0.6442411480001445,0.7951895442950125,0.6808215721085233,0.6547517035948912,0.6399999115854126,0.7630376718458071,0.6604771298485442,0.1058881136001958,0.2393601828049129,7785,17598,73521
MLP,0.7516771057531861,0.6286499460819189,0.7340862385396051,0.6382279837302889,0.7390677493505257,0.6124105540834578,0.6689856165877901,0.6164060784602355,0.1124848682689299,0.1484473823805443,8270,10914,73521
