Model,Accuracy Training,Recall Training,Precision Training,F1 Training,Accuracy Testing,Recall Testing,Precision Testing,F1 Testing,FU_rate,FL_rate,FU,FL,Total rows
DT,0.9951827041667675,0.9951717934391514,0.9963217553091986,0.9957444415026929,0.8507229227023572,0.8088579596379066,0.7948347732143672,0.8013743812403741,0.07633193237306347,0.07294514492457937,5612,5363,73521
RF,0.9928175860317767,0.9935193443949943,0.9943479651396567,0.9939316391421628,0.880945580174372,0.7456392184968845,0.8954551733610059,0.7682956264308084,0.04570122822050843,0.07335319160511962,3360,5393,73521
XGB,0.9348310802640807,0.9398917530914106,0.9518273563452558,0.9456786081827421,0.8948599719807946,0.8388107296860646,0.9072383515424155,0.8652062620979919,0.04787747718338978,0.05726255083581562,3520,4210,73521
