Feature,Average Importance
urg_count,0.30522702545840596
Number,0.11668026201379594
rst_count,0.10205005625828734
Weight,0.09755702471608721
IAT,0.08028473248541335
Variance,0.043858439886144046
Tot size,0.03215300252387486
flow_duration,0.03057833133801722
Header_Length,0.029797474643843604
Duration,0.02631587327981265
fin_count,0.013997047710239942
ack_flag_number,0.013555847835678671
Tot sum,0.012688290495505048
AVG,0.012107129415936026
Min,0.010891833624368744
