Model,Accuracy Training,Recall Training,Precision Training,F1 Training,Accuracy Testing,Recall Testing,Precision Testing,F1 Testing,FU_rate,FL_rate,FU,FL,Total rows
RF,1.0,1.0,1.0,1.0,0.9999936395256656,0.9999734133820712,0.999898275803914,0.9999358416144508,1.2179631704176775e-06,5.142511163985749e-06,9,38,7389386
XGB,0.9999999630732264,0.999999981054611,0.9999992742863696,0.9999996276702268,0.9999937748549068,0.9999605253676422,0.999913886720625,0.9999372048965636,1.894609376205276e-06,4.330535717040631e-06,14,32,7389386
DT,1.0,1.0,1.0,1.0,0.9999282755021864,0.9994449042299048,0.999108617505906,0.9992767011226836,2.7065848231503943e-05,4.465864958198151e-05,200,330,7389386
ET,1.0,1.0,1.0,1.0,0.9999895796484308,0.9999480070769142,0.999841790272084,0.9998948927218124,2.435926340835355e-06,7.984425228293663e-06,18,59,7389386
Cat,1.0,1.0,1.0,1.0,0.9999935041964244,0.9999629779962343,0.9999059761399508,0.9999344753538668,1.7592801350477564e-06,4.73652344051319e-06,13,35,7389386
LIGHT,1.0,1.0,1.0,1.0,0.9999889030022252,0.9998958301477308,0.9998802849504018,0.9998880574215624,5.142511163985749e-06,5.954486610930868e-06,38,44,7389386
GBoost,0.9999999261464526,0.999999962109222,0.9999985485748456,0.9999992553409798,0.9999943161718714,0.9999763520218048,0.999908985824496,0.999942666528914,1.0826339292601577e-06,4.601194199355671e-06,8,34,7389386
Adaboost,1.0,1.0,1.0,1.0,0.9999917449162894,0.999930977537094,0.9999024767637604,0.9999167267218604,3.383231028937993e-06,4.87185268167071e-06,25,36,7389386
MLP,0.9999726372606952,0.9999089236136112,0.999539631128783,0.9997242053867952,0.9999761820535564,0.9998659803121388,0.999653627913186,0.9997597803133716,6.360474334403427e-06,1.7457472109320044e-05,47,129,7389386
