Model,Accuracy Training,Recall Training,Precision Training,F1 Training,Accuracy Testing,Recall Testing,Precision Testing,F1 Testing,FU_rate,FL_rate,FU,FL,Total rows
DT,0.9999846812281412,0.9999865947377524,0.9999718416719674,0.9999792179434476,0.9447116898788942,0.9255241117615032,0.9246602566729804,0.9250910725221062,0.0280104894293471,0.0272778206917586,8449,8228,301637
RF,0.999977611025745,0.999972084810544,0.9999671671001158,0.9999696259262836,0.9610525233973286,0.9329587119299404,0.9601752426944832,0.9455993402956732,0.0092462131635044,0.0297012634391669,2789,8959,301637
XGB,0.9700082014347796,0.9480194477141416,0.969916394685493,0.9583559632321618,0.9627300364345224,0.9369806283523872,0.9607717814433336,0.9481360316970696,0.0096639338012246,0.027606029764253,2915,8327,301637
