Model,Accuracy Training,Recall Training,Precision Training,F1 Training,Accuracy Testing,Recall Testing,Precision Testing,F1 Testing,FU_rate,FL_rate,FU,FL,Total rows
DT,1.0,1.0,1.0,1.0,0.9997554345350842,0.9960445426750484,0.9951390937821112,0.9955881686545296,0.0001063851179078,0.0001381803470079,619,804,5818483
RF,0.9999999530853314,0.9999999672472548,0.9999999630788624,0.9999999651630516,0.9993929689233432,0.9936302811025868,0.9884019176932202,0.9908419798778916,0.0003389199555966,0.0002681111210602,1972,1560,5818483
XGB,1.0,1.0,1.0,1.0,0.9999070204381452,0.9979507154430202,0.9983356071165508,0.9981405754091888,5.104423266339354e-05,4.193532919147482e-05,297,244,5818483
ET,1.0,1.0,1.0,1.0,0.9986690688964804,0.98706425601633,0.9757461454421328,0.9804520975283184,0.0007166816505264,0.0006142494529931,4170,3574,5818483
Cat,0.9999419196403334,0.9999555796498529,0.9999581683412829,0.9999568711870737,0.9997403103179987,0.9943800153879069,0.9927580051824054,0.9935171580591144,0.00010655698401112455,0.0001531326979901806,620,891,5818483
LIGHT,0.6207202386830677,0.4204605566885226,0.44019347324313657,0.42387398455215447,0.409935201323094,0.24194211485671965,0.2589569994731851,0.20384987733185087,0.26658959044823194,0.32347520822867404,1551147,1882135,5818483
Adaboost,0.8319949125733422,0.7156330917225272,0.6967928991154263,0.6889789695863083,0.9734432497267759,0.780258068580013,0.9002725621239792,0.799598969805142,0.016399807303725044,0.010156942969499094,95422,59098,5818483
