Model,Accuracy Training,Recall Training,Precision Training,F1 Training,Accuracy Testing,Recall Testing,Precision Testing,F1 Testing,FU_rate,FL_rate,FU,FL,Total rows
DT,1.0,1.0,1.0,1.0,0.7141822396059684,0.6884147256984933,0.6823239183700031,0.6851562575926312,0.14283644792119368,0.1429813124728379,986,987,6903
RF,1.0,1.0,1.0,1.0,0.7401129943502824,0.6862880185309157,0.7451341172479506,0.7043546238750068,0.12675648268868608,0.13313052296103142,875,919,6903
XGB,0.9999118476727785,0.9999318057828696,0.9999320005439957,0.9999318892490242,0.7564826886860785,0.7159704951858848,0.7469356270070758,0.7281368490909857,0.12429378531073447,0.11922352600318702,858,823,6903
