Feature,Average Importance
IAT,0.4057334448388266
syn_count,0.15423514802277674
syn_flag_number,0.12395471785775163
Protocol Type,0.06388096542748814
TCP,0.05208197884502767
UDP,0.03450019267690761
fin_count,0.015475036430865587
Min,0.015153305718277128
Header_Length,0.012752589485426928
rst_count,0.01262867368205184
Variance,0.011510067761166295
AVG,0.010886479181544399
