Model,Accuracy Training,Recall Training,Precision Training,F1 Training,Accuracy Testing,Recall Testing,Precision Testing,F1 Testing,FU_rate,FL_rate,FU,FL,Total rows
DT,1.0,1.0,1.0,1.0,0.9998546635642278,0.9984594294174748,0.9988495485636564,0.9986543271196864,8.315268713331473e-05,6.218374863882667e-05,115,86,1382998
RF,1.0,1.0,1.0,1.0,0.9998459867620922,0.9986089953079976,0.999029846255271,0.9988192216305788,7.230668446375193e-05,8.170655344403968e-05,100,113,1382998
XGB,1.0,1.0,1.0,1.0,0.9999486622540308,0.999352410330381,0.9998048119667192,0.9995783956679554,3.326107485332589e-05,1.8076671115937984e-05,46,25,1382998
ET,1.0,1.0,1.0,1.0,0.9990122906902252,0.9930667061341494,0.994791086418232,0.9939254723602298,0.0004728857163929,0.0005148235933819,654,712,1382998
Cat,1.0,1.0,1.0,1.0,0.999898047574906,0.998468938729388,0.9992693939154365,0.9988684844028712,6.869135024056434e-05,3.326107485332589e-05,95,46,1382998
LIGHT,1.0,1.0,1.0,1.0,0.9998893707727704,0.998717593810712,0.9991996029591728,0.9989583446356411,5.929148126027659e-05,5.133774596926387e-05,82,71,1382998
Adaboost,0.9880029966406972,0.9741964218721446,0.972018749989535,0.9730118174943706,0.9917187154283664,0.9835930365439706,0.8822567556090734,0.9170680388058964,0.000610268416874,0.0076710161547594,844,10609,1382998
GBoost,1.0,1.0,1.0,1.0,0.9999428777192736,0.9993088278818628,0.9994811445530051,0.9993949532057562,2.60304064069507e-05,3.1091874319413334e-05,36,43,1382998
