Model,Accuracy Training,Recall Training,Precision Training,F1 Training,Accuracy Testing,Recall Testing,Precision Testing,F1 Testing,FU_rate,FL_rate,FU,FL,Total rows
DT,1.0,1.0,1.0,1.0,0.9838595652736705,0.87393182423991,0.8754817235689958,0.8747050328872832,0.007998858254257484,0.008141576472072037,2410,2453,301293
RF,0.9999962328051099,0.999943719045475,0.9999980511875088,0.999970883530731,0.9886323279996548,0.8384886101480652,0.9814865070486531,0.8966766310011283,0.0006040631544708971,0.010763608845874281,182,3243,301293
ET,1.0,1.0,1.0,1.0,0.9822199652829637,0.7377521972430072,0.9824813859815086,0.8160261671623008,0.0002787983789865679,0.01750123633804967,84,5273,301293
XGB,0.9944113663804226,0.9253905079428102,0.9868600004321766,0.9539049125707226,0.990042915036194,0.8787619397355189,0.9605366940090477,0.9153759591855594,0.0019283554546570946,0.008028729509148902,581,2419,301293
Cat,0.9953192603489552,0.9355856256481696,0.9913158681485907,0.9616545222953818,0.9900097247529813,0.8828239127215725,0.9557822906335911,0.9158958737916669,0.0022436631451776177,0.007746612101841065,676,2334,301293
LIGHT,0.9905537588128815,0.8844116097145026,0.9639342084120327,0.9201745211783408,0.9880813692983242,0.8614787163735772,0.9440912487269439,0.8982357767278772,0.0027647505916167984,0.009153880110058979,833,2758,301293
GBoost,0.9873083204149942,0.8247059816297551,0.9722085505193618,0.8838785342725753,0.9867305247715679,0.8157174515268136,0.9711386061743388,0.8770448284731437,0.0009990275247018683,0.012270447703730257,301,3697,301293
Adaboost,0.985428490164796,0.8220220581716022,0.9375216138751286,0.8703535061308317,0.9849681207329742,0.8100068236847172,0.9412185085795344,0.8633406993492665,0.002429528731168663,0.012602350535857123,732,3797,301293
MLP,0.9782425659117836,0.7113518772144615,0.9149131031158729,0.7778257365652631,0.9770290049884995,0.6907723955435219,0.9105481904586832,0.7578542003352838,0.0024062955329197822,0.02056469947858065,725,6196,301293
