Model,Accuracy Training,Recall Training,Precision Training,F1 Training,Accuracy Testing,Recall Testing,Precision Testing,F1 Testing,FU_rate,FL_rate,FU,FL,Total rows
DT,0.9999966405049097,0.9999953970852493,0.999995863917657,0.999995630501163,0.9743289701939757,0.966268806304705,0.9668744044101879,0.9665710720654851,0.012576880618199022,0.013094149187825263,7975,8303,634100
RF,0.9999947741187485,0.9999941366767963,0.9999922693678387,0.9999932030176744,0.981466645639489,0.980584411810383,0.9718465885186027,0.9761044357452127,0.013021605425011828,0.0055117489354991325,8257,3495,634100
ET,0.999997013782142,0.999996116002847,0.999996116002847,0.999996116002847,0.9780539347106134,0.9792463056167875,0.9651001075008359,0.9718736855855913,0.017205488093360668,0.004740577196025863,10910,3006,634100
XGB,0.9880607277263609,0.9889092694329107,0.9805053020055722,0.9846069137295825,0.9823087841034537,0.9818778587045127,0.9727614743794194,0.9771990099497069,0.012758240025232613,0.004932975871313673,8090,3128,634100
Cat,0.9901499603952857,0.9911347993130311,0.9836015118203576,0.9872883018557395,0.9828386689796562,0.9821921392894991,0.973745701580639,0.9778657457912653,0.012193660305945434,0.0049676707143983595,7732,3150,634100
LIGHT,0.9831383208646295,0.9839805531663766,0.9730154798734838,0.9783227819441478,0.981012458602744,0.9811607019674695,0.9703318135982693,0.9755743480809673,0.014180728591704779,0.004806812805551175,8992,3048,634100
GBoost,0.9741595103199956,0.9735389930442147,0.9606800629225364,0.9668589659272601,0.9735656836461126,0.9726943970970556,0.959948436968633,0.9660751550571683,0.01888187982967986,0.0075524365242075385,11973,4789,634100
Adaboost,0.9680105144730782,0.9660383042294818,0.9525509702972506,0.9590119165585382,0.9679009619933764,0.9664839787948609,0.9519664703891304,0.9588970139129992,0.0226415391894023,0.009457498817221258,14357,5997,634100
MLP,0.962939916550142,0.9612377942903334,0.9449640956848473,0.9526775285552782,0.9603784891972875,0.9571745083043723,0.9421705926735933,0.9493109775879218,0.026785995899700363,0.012835514903012143,16985,8139,634100
